USE QLNhaThuoc;

INSERT INTO HangSanXuat (MaHangSX, TenHang, QuocGia) VALUES
('HSX001', 'Pfizer', 'Mỹ'),
('HSX002', 'GSK', 'Anh'),
('HSX003', 'Sanofi', 'Pháp'),
('HSX004', 'Bayer', 'Đức'),
('HSX005', 'Roche', 'Thụy Sĩ'),
('HSX006', 'Merck', 'Mỹ'),
('HSX007', 'Novartis', 'Thụy Sĩ'),
('HSX008', 'AstraZeneca', 'Anh'),
('HSX009', 'Johnson & Johnson', 'Mỹ'),
('HSX010', 'AbbVie', 'Mỹ'),
('HSX011', 'Takeda', 'Nhật Bản'),
('HSX012', 'Sun Pharma', 'Ấn Độ'),
('HSX013', 'Cipla', 'Ấn Độ'),
('HSX014', 'Teva', 'Israel'),
('HSX015', 'Mylan', 'Mỹ'),
('HSX016', 'Biogen', 'Mỹ'),
('HSX017', 'Moderna', 'Mỹ'),
('HSX018', 'Gilead Sciences', 'Mỹ'),
('HSX019', 'Eisai', 'Nhật Bản'),
('HSX020', 'Otsuka', 'Nhật Bản');

INSERT INTO LoaiThuoc (MaLoai, TenLoai, DonViTinh) VALUES
('LT001', 'Thuốc giảm đau', 'Viên'),
('LT002', 'Thuốc hạ sốt', 'Viên'),
('LT003', 'Thuốc kháng sinh', 'Viên'),
('LT004', 'Thuốc ho', 'Chai'),
('LT005', 'Thuốc chống viêm', 'Viên'),
('LT006', 'Thuốc dạ dày', 'Viên'),
('LT007', 'Thuốc huyết áp', 'Viên'),
('LT008', 'Vitamin', 'Viên'),
('LT009', 'Thuốc tim mạch', 'Viên'),
('LT010', 'Thuốc bổ mắt', 'Viên'),
('LT011', 'Thuốc giảm cân', 'Viên'),
('LT012', 'Thuốc tăng cường miễn dịch', 'Viên'),
('LT013', 'Thuốc điều trị tiểu đường', 'Viên'),
('LT014', 'Thuốc kháng nấm', 'Viên'),
('LT015', 'Thuốc trị mỡ máu', 'Viên'),
('LT016', 'Thuốc an thần', 'Viên'),
('LT017', 'Thuốc giảm căng thẳng', 'Viên'),
('LT018', 'Thuốc bổ gan', 'Viên'),
('LT019', 'Thuốc tiêu hóa', 'Viên'),
('LT020', 'Thuốc dị ứng', 'Viên');

INSERT INTO NhaCungCap (MaNCC, TenNCC, SoDienThoai) VALUES
('NCC001', 'Công ty Dược Phẩm Việt Nam', '0901234567'),
('NCC002', 'Công ty Dược Phẩm An Khang', '0912345678'),
('NCC003', 'Nhà Thuốc Hạnh Phúc', '0923456789'),
('NCC004', 'Công ty Dược Phẩm Hà Nội', '0934567890'),
('NCC005', 'Nhà Thuốc Tâm An', '0945678901'),
('NCC006', 'Công ty Dược Phẩm Bình Minh', '0971122334'),
('NCC007', 'Công ty Dược Phẩm Sao Mai', '0982233445'),
('NCC008', 'Nhà Thuốc Hòa Bình', '0993344556'),
('NCC009', 'Công ty Dược Phẩm An Phúc', '0904455667'),
('NCC010', 'Nhà Thuốc Nhân Tâm', '0915566778'),
('NCC011', 'Công ty Dược Phẩm Hoàng Gia', '0926677889'),
('NCC012', 'Nhà Thuốc Tín Nghĩa', '0937788990'),
('NCC013', 'Công ty Dược Phẩm Phúc An', '0948899001'),
('NCC014', 'Nhà Thuốc Đại Phát', '0959900112'),
('NCC015', 'Công ty Dược Phẩm Thiên Long', '0960011223');

INSERT INTO Thuoc (MaThuoc, MaLoai, MaHangSX, MaNCC, TenThuoc, CongDung, DonGia, SoLuongTonKho, HanSuDung) VALUES
('T001', 'LT001', 'HSX001', 'NCC001', 'Paracetamol', 'Giảm đau, hạ sốt', 5000, 100, '2026-12-31'),
('T002', 'LT001', 'HSX002', 'NCC002', 'Ibuprofen', 'Giảm đau, chống viêm', 7000, 150, '2026-11-30'),
('T003', 'LT001', 'HSX003', 'NCC003', 'Aspirin', 'Giảm đau, giảm viêm', 6000, 120, '2025-10-31'),
('T004', 'LT002', 'HSX004', 'NCC004', 'Efferalgan', 'Hạ sốt', 8000, 90, '2026-09-30'),
('T005', 'LT002', 'HSX005', 'NCC005', 'Panadol', 'Hạ sốt, giảm đau', 7500, 110, '2026-08-31'),
('T006', 'LT003', 'HSX006', 'NCC001', 'Amoxicillin', 'Kháng sinh phổ rộng', 12000, 200, '2025-07-31'),
('T007', 'LT003', 'HSX007', 'NCC002', 'Azithromycin', 'Kháng sinh trị nhiễm khuẩn', 15000, 180, '2025-06-30'),
('T008', 'LT003', 'HSX008', 'NCC003', 'Cefuroxime', 'Kháng sinh trị viêm họng', 13000, 170, '2025-05-31'),
('T009', 'LT004', 'HSX009', 'NCC004', 'Cough Syrup', 'Giảm ho', 25000, 80, '2025-04-30'),
('T010', 'LT004', 'HSX010', 'NCC005', 'Bisolvon', 'Tiêu đờm', 28000, 60, '2025-03-31'),
('T011', 'LT005', 'HSX001', 'NCC001', 'Prednisolone', 'Chống viêm', 20000, 90, '2025-02-28'),
('T012', 'LT005', 'HSX002', 'NCC002', 'Dexamethasone', 'Chống viêm, dị ứng', 18000, 100, '2025-01-31'),
('T013', 'LT006', 'HSX003', 'NCC003', 'Omeprazole', 'Trị loét dạ dày', 22000, 130, '2025-12-31'),
('T014', 'LT006', 'HSX004', 'NCC004', 'Ranitidine', 'Trị đau dạ dày', 19000, 140, '2025-11-30'),
('T015', 'LT007', 'HSX005', 'NCC005', 'Amlodipine', 'Hạ huyết áp', 16000, 150, '2025-10-31'),
('T016', 'LT007', 'HSX006', 'NCC001', 'Losartan', 'Giảm huyết áp', 17000, 160, '2025-09-30'),
('T017', 'LT008', 'HSX007', 'NCC002', 'Vitamin C', 'Tăng cường miễn dịch', 12000, 200, '2025-08-31'),
('T018', 'LT008', 'HSX008', 'NCC003', 'Vitamin D3', 'Hỗ trợ xương khớp', 14000, 180, '2025-07-31'),
('T019', 'LT009', 'HSX009', 'NCC004', 'Atorvastatin', 'Hạ mỡ máu', 30000, 90, '2025-06-30'),
('T020', 'LT009', 'HSX010', 'NCC005', 'Simvastatin', 'Giảm cholesterol', 28000, 100, '2025-05-31'),
('T021', 'LT010', 'HSX001', 'NCC001', 'Loratadine', 'Trị dị ứng', 15000, 110, '2025-04-30'),
('T022', 'LT010', 'HSX002', 'NCC002', 'Cetirizine', 'Giảm dị ứng', 14000, 120, '2025-03-31'),
('T023', 'LT011', 'HSX011', 'NCC006', 'Eyevit', 'Bổ mắt, giảm mỏi mắt', 32000, 80, '2026-12-31'),
('T024', 'LT011', 'HSX012', 'NCC007', 'Ocuvite', 'Bảo vệ võng mạc, cải thiện thị lực', 34000, 85, '2026-11-30'),
('T025', 'LT011', 'HSX013', 'NCC008', 'Bilberry Extract', 'Tăng cường thị lực', 36000, 90, '2026-10-31'),
('T026', 'LT012', 'HSX014', 'NCC009', 'Orlistat', 'Hỗ trợ giảm cân, giảm hấp thu mỡ', 40000, 70, '2026-09-30'),
('T027', 'LT012', 'HSX015', 'NCC010', 'L-carnitine', 'Tăng cường trao đổi chất', 42000, 65, '2026-08-31'),
('T028', 'LT013', 'HSX016', 'NCC006', 'Imboost', 'Tăng sức đề kháng', 25000, 120, '2025-07-31'),
('T029', 'LT013', 'HSX017', 'NCC007', 'Beta Glucan', 'Tăng cường miễn dịch', 28000, 110, '2025-06-30'),
('T030', 'LT013', 'HSX018', 'NCC008', 'Zinc Gluconate', 'Bổ sung kẽm tăng đề kháng', 26000, 115, '2025-05-31'),
('T031', 'LT014', 'HSX019', 'NCC009', 'Metformin', 'Kiểm soát đường huyết', 29000, 140, '2025-04-30'),
('T032', 'LT014', 'HSX020', 'NCC010', 'Gliclazide', 'Điều trị tiểu đường tuýp 2', 31000, 130, '2025-03-31'),
('T033', 'LT015', 'HSX011', 'NCC006', 'Fluconazole', 'Điều trị nấm da, nấm miệng', 27000, 90, '2025-02-28'),
('T034', 'LT015', 'HSX012', 'NCC007', 'Ketoconazole', 'Trị nấm da, nấm móng', 26000, 85, '2025-01-31'),
('T035', 'LT016', 'HSX013', 'NCC008', 'Atorvastatin', 'Giảm cholesterol máu', 33000, 100, '2025-12-31'),
('T036', 'LT016', 'HSX014', 'NCC009', 'Simvastatin', 'Hỗ trợ tim mạch, giảm mỡ máu', 32000, 110, '2025-11-30'),
('T037', 'LT017', 'HSX015', 'NCC010', 'Diazepam', 'An thần, điều trị mất ngủ', 18000, 150, '2025-10-31'),
('T038', 'LT017', 'HSX016', 'NCC006', 'Alprazolam', 'Điều trị lo âu, mất ngủ', 20000, 140, '2025-09-30'),
('T039', 'LT018', 'HSX017', 'NCC007', 'L-theanine', 'Giảm căng thẳng, cải thiện giấc ngủ', 25000, 130, '2025-08-31'),
('T040', 'LT018', 'HSX018', 'NCC008', 'Ashwagandha', 'Giúp thư giãn, giảm stress', 27000, 120, '2025-07-31'),
('T041', 'LT019', 'HSX019', 'NCC009', 'Liver Detox', 'Thải độc gan, hỗ trợ chức năng gan', 29000, 95, '2025-06-30'),
('T042', 'LT019', 'HSX020', 'NCC010', 'Essentiale Forte', 'Hỗ trợ điều trị viêm gan', 31000, 100, '2025-05-31'),
('T043', 'LT020', 'HSX011', 'NCC006', 'Magne B6', 'Hỗ trợ tiêu hóa, giảm co thắt cơ', 27000, 110, '2025-04-30'),
('T044', 'LT020', 'HSX012', 'NCC007', 'Gastropulgite', 'Điều trị viêm loét dạ dày', 29000, 120, '2025-03-31'),
('T045', 'LT020', 'HSX013', 'NCC008', 'Gaviscon', 'Trị trào ngược dạ dày', 30000, 105, '2025-02-28'),
('T046', 'LT020', 'HSX014', 'NCC009', 'Smecta', 'Trị tiêu chảy, bảo vệ niêm mạc ruột', 28000, 130, '2025-01-31');

INSERT INTO KhachHang (MaKH, TenKH, SoDienThoai, DiaChi) VALUES
('KH001', 'Nguyễn Văn A', '0905123456', 'Hà Nội'),
('KH002', 'Trần Thị B', '0916234567', 'TP Hồ Chí Minh'),
('KH003', 'Lê Văn C', '0927345678', 'Đà Nẵng'),
('KH004', 'Phạm Thị D', '0938456789', 'Cần Thơ'),
('KH005', 'Ngô Văn E', '0949567890', 'Hải Phòng'),
('KH006', 'Hoàng Minh', '0951234567', 'Nha Trang'),
('KH007', 'Lý Hải', '0962345678', 'Huế'),
('KH008', 'Phan Văn Nam', '0973456789', 'Bình Dương'),
('KH009', 'Lê Thị Hồng', '0984567890', 'Đồng Nai'),
('KH010', 'Trịnh Xuân Trường', '0995678901', 'Bến Tre');

INSERT INTO HoaDon (MaHD, MaKH, NgayLap, TongTien) VALUES
('HD001', 'KH001', '2025-03-01', 50000),
('HD002', 'KH002', '2025-03-02', 70000),
('HD003', 'KH003', '2025-03-03', 60000),
('HD004', 'KH004', '2025-03-04', 80000),
('HD005', 'KH005', '2025-03-05', 75000),
('HD006', 'KH006', '2025-03-06', 120000),
('HD007', 'KH007', '2025-03-07', 150000),
('HD008', 'KH008', '2025-03-08', 180000),
('HD009', 'KH009', '2025-03-09', 200000),
('HD010', 'KH010', '2025-03-10', 250000);

INSERT INTO ChiTietHoaDon (MaCTHD, MaHD, MaThuoc, SoLuongBan, GiaBan) VALUES
('CTHD001', 'HD001', 'T001', 2, 5000),
('CTHD002', 'HD001', 'T002', 1, 7000),
('CTHD003', 'HD002', 'T003', 3, 6000),
('CTHD004', 'HD002', 'T004', 2, 8000),
('CTHD005', 'HD003', 'T005', 1, 7500),
('CTHD006', 'HD003', 'T006', 2, 12000),
('CTHD007', 'HD004', 'T007', 2, 15000),
('CTHD008', 'HD004', 'T008', 1, 13000),
('CTHD009', 'HD005', 'T009', 3, 25000),
('CTHD010', 'HD005', 'T010', 1, 28000),
('CTHD011', 'HD006', 'T011', 2, 25000),
('CTHD012', 'HD006', 'T012', 1, 18000),
('CTHD013', 'HD007', 'T013', 3, 22000),
('CTHD014', 'HD007', 'T014', 2, 9000),
('CTHD015', 'HD008', 'T015', 1, 10000),
('CTHD016', 'HD008', 'T016', 2, 17000),
('CTHD017', 'HD009', 'T017', 2, 19000),
('CTHD018', 'HD009', 'T018', 1, 16000),
('CTHD019', 'HD010', 'T019', 3, 27000),
('CTHD020', 'HD010', 'T020', 1, 30000);